search_query,title,website,description
escape room in london,Escape Room Shepherd's Bush | Premier Escape Games in...,https://www.escape-london.co.uk,Locked in a mysterious room with 60 minutes to get out. Do you have what it takes to escape? Great Prices. Themed Escape Rooms. Google Rated 4.9 Out of 5. Book Online.
escape room in london,Outdoor Escape Room in London - Solve London's Urban...,https://www.citydays.com,"Mystery Walks in London Streets, Discover Secret Places, Solve Wacky Clues - Fun Days Out! Unravel Clues & Solve Puzzles To Discover Directions That Guide You By Your..."
escape room in london,Escape Rooms in London | Pick Your Room,https://london.escapegameover.co.uk,Escape Rooms in London - Have Fun and Solve Mysteries with Friends and Family. Escape Rooms for Everyone in London - Choose Your Room and Start Playing! Check availability.
escape room in london,Escape Room Shepherd's Bush | Premier Escape Games in...,https://www.escape-london.co.uk,Locked in a mysterious room with 60 minutes to get out. Do you have what it takes to escape? Great Prices. Themed Escape Rooms. Google Rated 4.9 Out of 5. Book Online.
escape room in london,Outdoor Escape Room in London - Solve London's Urban...,https://www.citydays.com,"Mystery Walks in London Streets, Discover Secret Places, Solve Wacky Clues - Fun Days Out! Unravel Clues & Solve Puzzles To Discover Directions That Guide You By Your..."
escape room in london,Escape Rooms in London | Pick Your Room,https://london.escapegameover.co.uk,Escape Rooms in London - Have Fun and Solve Mysteries with Friends and Family. Escape Rooms for Everyone in London - Choose Your Room and Start Playing! Check availability.
horror escape room london,Escape London | Escape Rooms Whitechapel,https://www.escape-london.co.uk,"Find clues, solve logic puzzles, break the codes and find the key to your freedom. Locked in a mysterious room with 60 minutes to get out. Great Prices. Themed Escape Rooms."
horror escape room london,London's Premier Horror Escape - Horror Escape Rooms Near You,https://www.horrorescape.co.uk,Our Team Of Experienced Game Masters Will Guide You Through Each Scenario. Party...
horror escape room london,Escape Rooms in London,https://london.escapegameover.co.uk,Book Now — Escape Rooms in London - Have Fun and Solve Mysteries with Friends and Family. Escape Rooms for Everyone in London - Choose Your Room and Start Playing! Check availability.
horror escape room london,Escape London | Escape Rooms Whitechapel,https://www.escape-london.co.uk,"Find clues, solve logic puzzles, break the codes and find the key to your freedom. Locked in a mysterious room with 60 minutes to get out. Great Prices. Themed Escape Rooms."
horror escape room london,London's Premier Horror Escape - Horror Escape Rooms Near You,https://www.horrorescape.co.uk,Our Team Of Experienced Game Masters Will Guide You Through Each Scenario. Party...
horror escape room london,Escape Rooms in London,https://london.escapegameover.co.uk,Book Now — Escape Rooms in London - Have Fun and Solve Mysteries with Friends and Family. Escape Rooms for Everyone in London - Choose Your Room and Start Playing! Check availability.
